-- phpMyAdmin SQL Dump
-- version 4.9.7
-- https://www.phpmyadmin.net/
--
-- Host: localhost:3306
-- Generation Time: Dec 10, 2022 at 12:55 PM
-- Server version: 10.5.18-MariaDB-cll-lve
-- PHP Version: 7.4.33

SET SQL_MODE = "NO_AUTO_VALUE_ON_ZERO";
SET AUTOCOMMIT = 0;
START TRANSACTION;
SET time_zone = "+00:00";


/*!40101 SET @OLD_CHARACTER_SET_CLIENT=@@CHARACTER_SET_CLIENT */;
/*!40101 SET @OLD_CHARACTER_SET_RESULTS=@@CHARACTER_SET_RESULTS */;
/*!40101 SET @OLD_COLLATION_CONNECTION=@@COLLATION_CONNECTION */;
/*!40101 SET NAMES utf8mb4 */;

--
-- Database: `spmk3213_es_menstruasi`
--

-- --------------------------------------------------------

--
-- Table structure for table `tb_aturan`
--

CREATE TABLE `tb_aturan` (
  `ID` int(11) NOT NULL,
  `kode_penyakit` varchar(16) DEFAULT NULL,
  `kode_gejala` varchar(16) DEFAULT NULL,
  `nilai` double DEFAULT NULL
) ENGINE=InnoDB DEFAULT CHARSET=latin1 COLLATE=latin1_swedish_ci;

--
-- Dumping data for table `tb_aturan`
--

INSERT INTO `tb_aturan` (`ID`, `kode_penyakit`, `kode_gejala`, `nilai`) VALUES
(51, 'P01', 'G01', 1),
(52, 'P01', 'G02', 1),
(53, 'P01', 'G03', 0.6),
(54, 'P01', 'G05', 0.6),
(55, 'P01', 'G13', 0.8),
(56, 'P01', 'G14', 1),
(57, 'P01', 'G18', 0.4),
(58, 'P01', 'G22', 1),
(59, 'P01', 'G45', 0.6),
(60, 'P02', 'G04', 1),
(61, 'P02', 'G05', 0.6),
(62, 'P02', 'G07', 0.4),
(63, 'P02', 'G12', 1),
(64, 'P02', 'G15', 0.4),
(65, 'P02', 'G16', 0.6),
(66, 'P03', 'G02', 0.6),
(67, 'P03', 'G03', 0.6),
(68, 'P03', 'G05', 0.6),
(69, 'P03', 'G06', 1),
(70, 'P03', 'G07', 0.6),
(71, 'P03', 'G14', 0.6),
(72, 'P03', 'G19', 0.4),
(73, 'P03', 'G22', 0.6),
(74, 'P04', 'G07', 0.4),
(75, 'P04', 'G08', 1),
(76, 'P04', 'G10', 0.6),
(77, 'P04', 'G12', 0.8),
(78, 'P04', 'G20', 0.6),
(79, 'P04', 'G21', 0.4),
(80, 'P04', 'G24', 0.8),
(81, 'P04', 'G25', 0.8),
(82, 'P05', 'G05', 0.8),
(83, 'P05', 'G07', 0.6),
(84, 'P05', 'G09', 1),
(85, 'P05', 'G10', 0.6),
(86, 'P05', 'G11', 0.6),
(87, 'P05', 'G15', 0.6),
(88, 'P05', 'G23', 0.8),
(89, 'P06', 'G03', 0.4),
(90, 'P06', 'G07', 0.4),
(91, 'P06', 'G17', 0.6),
(92, 'P06', 'G26', 0.8),
(93, 'P06', 'G27', 0.4),
(94, 'P06', 'G28', 0.4),
(95, 'P07', 'G07', 0.6),
(96, 'P07', 'G18', 0.4),
(97, 'P07', 'G29', 0.4),
(98, 'P07', 'G30', 0.6),
(99, 'P07', 'G31', 0),
(100, 'P07', 'G32', 0.4),
(101, 'P08', 'G03', 1),
(102, 'P08', 'G18', 0.4),
(103, 'P08', 'G31', 0),
(104, 'P08', 'G34', 0.8),
(105, 'P08', 'G33', 0.4),
(106, 'P08', 'G35', 0.6),
(107, 'P08', 'G36', 0.8),
(108, 'P08', 'G37', 0.6),
(109, 'P09', 'G05', 0.8),
(110, 'P09', 'G07', 0.6),
(111, 'P09', 'G18', 0.6),
(112, 'P09', 'G30', 0.8),
(113, 'P09', 'G36', 0.8),
(114, 'P09', 'G38', 0.8),
(115, 'P09', 'G39', 0.8),
(116, 'P09', 'G40', 0.8),
(117, 'P09', 'G41', 0.8),
(118, 'P09', 'G42', 0.8),
(119, 'P09', 'G43', 0.6),
(120, 'P10', 'G07', 0.6),
(121, 'P10', 'G09', 0.6),
(122, 'P10', 'G18', 0.4),
(123, 'P10', 'G21', 0.8),
(124, 'P10', 'G39', 0.4),
(125, 'P10', 'G42', 0.6),
(126, 'P10', 'G44', 0.8),
(127, 'P10', 'G47', 0.8),
(128, 'P10', 'G46', 0.8),
(129, 'P01', 'G04', 0),
(130, 'P01', 'G06', 0),
(131, 'P01', 'G07', 0.4),
(132, 'P01', 'G08', 0),
(133, 'P01', 'G09', 0),
(134, 'P01', 'G10', 0.4),
(135, 'P01', 'G11', 0.4),
(136, 'P01', 'G12', 0),
(137, 'P01', 'G15', 0.4),
(138, 'P01', 'G16', 0),
(139, 'P01', 'G17', 0.4),
(140, 'P01', 'G19', 0),
(141, 'P01', 'G20', 0.4),
(142, 'P01', 'G21', 0.4),
(143, 'P01', 'G23', 0.4),
(144, 'P01', 'G24', 0),
(145, 'P01', 'G25', 0.4),
(146, 'P01', 'G26', 0.4),
(147, 'P01', 'G27', 0),
(148, 'P01', 'G28', 0),
(149, 'P01', 'G29', 0.4),
(150, 'P01', 'G30', 0.6),
(151, 'P01', 'G31', 0),
(152, 'P01', 'G32', 0.4),
(153, 'P01', 'G33', 0),
(154, 'P01', 'G34', 0.6),
(155, 'P01', 'G35', 0),
(156, 'P01', 'G36', 0.6),
(157, 'P01', 'G37', 0.4),
(158, 'P01', 'G38', 0.6),
(159, 'P01', 'G39', 0.6),
(160, 'P01', 'G40', 0.6),
(161, 'P01', 'G41', 0.4),
(162, 'P01', 'G42', 0.6),
(163, 'P01', 'G43', 0.4),
(164, 'P01', 'G44', 0),
(165, 'P01', 'G46', 0),
(166, 'P01', 'G47', 0),
(167, 'P02', 'G01', 0),
(168, 'P02', 'G02', 0),
(169, 'P02', 'G03', 0),
(170, 'P02', 'G06', 0),
(171, 'P02', 'G08', 0),
(172, 'P02', 'G09', 0),
(173, 'P02', 'G10', 0.4),
(174, 'P02', 'G11', 0),
(175, 'P02', 'G13', 0),
(176, 'P02', 'G14', 0),
(177, 'P02', 'G17', 0.4),
(178, 'P02', 'G18', 0.4),
(179, 'P02', 'G19', 0),
(180, 'P02', 'G20', 0.6),
(181, 'P02', 'G21', 0.4),
(182, 'P02', 'G22', 0),
(183, 'P02', 'G23', 0.4),
(184, 'P02', 'G24', 0.6),
(185, 'P02', 'G25', 0),
(186, 'P02', 'G26', 0.4),
(187, 'P02', 'G27', 0),
(188, 'P02', 'G28', 0),
(189, 'P02', 'G29', 0.4),
(190, 'P02', 'G30', 0.4),
(191, 'P02', 'G31', 0),
(192, 'P02', 'G32', 0),
(193, 'P02', 'G33', 0),
(194, 'P02', 'G34', 0),
(195, 'P02', 'G35', 0),
(196, 'P02', 'G36', 0.4),
(197, 'P02', 'G37', 0),
(198, 'P02', 'G38', 0.4),
(199, 'P02', 'G39', 0.4),
(200, 'P02', 'G40', 0),
(201, 'P02', 'G41', 0),
(202, 'P02', 'G42', 0.4),
(203, 'P02', 'G43', 0),
(204, 'P02', 'G44', 0),
(205, 'P02', 'G45', 0),
(206, 'P02', 'G46', 0),
(207, 'P02', 'G47', 0),
(208, 'P03', 'G01', 0),
(209, 'P03', 'G04', 0),
(210, 'P03', 'G08', 0),
(211, 'P03', 'G09', 0),
(212, 'P03', 'G10', 0.4),
(213, 'P03', 'G11', 0),
(214, 'P03', 'G12', 0),
(215, 'P03', 'G13', 0),
(216, 'P03', 'G15', 0),
(217, 'P03', 'G16', 0),
(218, 'P03', 'G17', 0.4),
(219, 'P03', 'G18', 0),
(220, 'P03', 'G20', 0.4),
(221, 'P03', 'G21', 0.4),
(222, 'P03', 'G24', 0),
(223, 'P03', 'G23', 0.4),
(224, 'P03', 'G25', 0),
(225, 'P03', 'G26', 0.4),
(226, 'P03', 'G27', 0),
(227, 'P03', 'G28', 0),
(228, 'P03', 'G29', 0.4),
(229, 'P03', 'G30', 0.4),
(230, 'P03', 'G31', 0),
(231, 'P03', 'G32', 0),
(232, 'P03', 'G33', 0),
(233, 'P03', 'G34', 0.4),
(234, 'P03', 'G35', 0),
(235, 'P03', 'G36', 0.4),
(236, 'P03', 'G37', 0),
(237, 'P03', 'G38', 0.4),
(238, 'P03', 'G39', 0),
(239, 'P03', 'G40', 0.4),
(240, 'P03', 'G41', 0.4),
(241, 'P03', 'G42', 0),
(242, 'P03', 'G43', 0),
(243, 'P03', 'G44', 0),
(244, 'P03', 'G45', 0),
(245, 'P03', 'G46', 0),
(246, 'P03', 'G47', 0),
(247, 'P04', 'G01', 0),
(248, 'P04', 'G02', 0),
(249, 'P04', 'G03', 0),
(250, 'P04', 'G04', 0),
(251, 'P04', 'G05', 0.4),
(252, 'P04', 'G06', 0),
(253, 'P04', 'G09', 0),
(254, 'P04', 'G11', 0.4),
(255, 'P04', 'G13', 0),
(256, 'P04', 'G14', 0),
(257, 'P04', 'G15', 0),
(258, 'P04', 'G16', 0),
(259, 'P04', 'G17', 0.4),
(260, 'P04', 'G18', 0),
(261, 'P04', 'G19', 0),
(262, 'P04', 'G22', 0),
(263, 'P04', 'G23', 0.4),
(264, 'P04', 'G26', 0.4),
(265, 'P04', 'G27', 0),
(266, 'P04', 'G28', 0),
(267, 'P04', 'G29', 0),
(268, 'P04', 'G30', 0),
(269, 'P04', 'G31', 0),
(270, 'P04', 'G32', 0),
(271, 'P04', 'G33', 0),
(272, 'P04', 'G34', 0),
(273, 'P04', 'G35', 0),
(274, 'P04', 'G36', 0),
(275, 'P04', 'G37', 0),
(276, 'P04', 'G38', 0),
(277, 'P04', 'G39', 0),
(278, 'P04', 'G40', 0),
(279, 'P04', 'G41', 0),
(280, 'P04', 'G42', 0),
(281, 'P04', 'G43', 0),
(282, 'P04', 'G44', 0),
(283, 'P04', 'G45', 0),
(284, 'P04', 'G46', 0),
(285, 'P04', 'G47', 0),
(286, 'P05', 'G01', 0),
(287, 'P05', 'G02', 0),
(288, 'P05', 'G03', 0.4),
(289, 'P05', 'G04', 0),
(290, 'P05', 'G06', 0),
(291, 'P05', 'G08', 0),
(292, 'P05', 'G12', 0),
(293, 'P05', 'G13', 0),
(294, 'P05', 'G14', 0),
(295, 'P05', 'G16', 0.4),
(296, 'P05', 'G17', 0.4),
(297, 'P05', 'G18', 0),
(298, 'P05', 'G19', 0),
(299, 'P05', 'G20', 0.6),
(300, 'P05', 'G21', 0.6),
(301, 'P05', 'G22', 0),
(302, 'P05', 'G24', 0),
(303, 'P05', 'G25', 0),
(304, 'P05', 'G26', 0.4),
(305, 'P05', 'G27', 0),
(306, 'P05', 'G28', 0),
(307, 'P05', 'G29', 0),
(308, 'P05', 'G30', 0),
(309, 'P05', 'G31', 0.6),
(310, 'P05', 'G32', 0),
(311, 'P05', 'G33', 0),
(312, 'P05', 'G34', 0.6),
(313, 'P05', 'G35', 0),
(314, 'P05', 'G36', 0.4),
(315, 'P05', 'G37', 0.4),
(316, 'P05', 'G38', 0),
(317, 'P05', 'G39', 0),
(318, 'P05', 'G40', 0.4),
(319, 'P05', 'G41', 0.4),
(320, 'P05', 'G42', 0),
(321, 'P05', 'G43', 0),
(322, 'P05', 'G44', 0),
(323, 'P05', 'G45', 0),
(324, 'P05', 'G46', 0),
(325, 'P05', 'G47', 0),
(326, 'P06', 'G01', 0),
(327, 'P06', 'G02', 0),
(328, 'P06', 'G04', 0),
(329, 'P06', 'G05', 0.4),
(330, 'P06', 'G06', 0),
(331, 'P06', 'G08', 0),
(332, 'P06', 'G09', 0),
(333, 'P06', 'G10', 0),
(334, 'P06', 'G11', 0),
(335, 'P06', 'G12', 0),
(336, 'P06', 'G13', 0),
(337, 'P06', 'G14', 0),
(338, 'P06', 'G15', 0),
(339, 'P06', 'G16', 0),
(340, 'P06', 'G18', 0),
(341, 'P06', 'G19', 1),
(342, 'P06', 'G20', 0),
(343, 'P06', 'G21', 0),
(344, 'P06', 'G22', 0),
(345, 'P06', 'G23', 0.4),
(346, 'P06', 'G24', 0),
(347, 'P06', 'G25', 0),
(348, 'P06', 'G29', 0),
(349, 'P06', 'G30', 0),
(350, 'P06', 'G31', 0),
(351, 'P06', 'G33', 0),
(352, 'P06', 'G32', 0),
(353, 'P06', 'G34', 0),
(354, 'P06', 'G35', 0),
(355, 'P06', 'G36', 0),
(356, 'P06', 'G37', 0),
(357, 'P06', 'G38', 0),
(358, 'P06', 'G39', 0),
(359, 'P06', 'G40', 0),
(360, 'P06', 'G41', 0.4),
(361, 'P06', 'G42', 0),
(362, 'P06', 'G43', 0),
(363, 'P06', 'G44', 0),
(364, 'P06', 'G46', 0),
(365, 'P06', 'G47', 0),
(366, 'P06', 'G45', 0),
(367, 'P07', 'G01', 0),
(368, 'P07', 'G02', 0),
(369, 'P07', 'G03', 0),
(370, 'P07', 'G04', 0),
(371, 'P07', 'G05', 0.6),
(372, 'P07', 'G06', 0),
(373, 'P07', 'G08', 0),
(374, 'P07', 'G09', 0),
(375, 'P07', 'G10', 0),
(376, 'P07', 'G11', 0),
(377, 'P07', 'G12', 0),
(378, 'P07', 'G13', 0),
(379, 'P07', 'G14', 0.8),
(380, 'P07', 'G15', 0),
(381, 'P07', 'G16', 0),
(382, 'P07', 'G17', 0.4),
(383, 'P07', 'G19', 1),
(384, 'P07', 'G20', 0),
(385, 'P07', 'G21', 0.4),
(386, 'P07', 'G22', 0.8),
(387, 'P07', 'G23', 0.4),
(388, 'P07', 'G24', 0),
(389, 'P07', 'G25', 0),
(390, 'P07', 'G26', 0.4),
(391, 'P07', 'G27', 0),
(392, 'P07', 'G28', 0),
(393, 'P07', 'G33', 0),
(394, 'P07', 'G34', 0),
(395, 'P07', 'G35', 0),
(396, 'P07', 'G36', 0.6),
(397, 'P07', 'G37', 0),
(398, 'P07', 'G38', 0.4),
(399, 'P07', 'G39', 0),
(400, 'P07', 'G40', 0),
(401, 'P07', 'G41', 0.4),
(402, 'P07', 'G42', 0),
(403, 'P07', 'G43', 0),
(404, 'P07', 'G44', 0),
(405, 'P07', 'G45', 0),
(406, 'P07', 'G46', 0),
(407, 'P07', 'G47', 0),
(408, 'P08', 'G01', 0),
(409, 'P08', 'G02', 0),
(410, 'P08', 'G04', 0),
(411, 'P08', 'G05', 0.6),
(412, 'P08', 'G06', 0),
(413, 'P08', 'G07', 0),
(414, 'P08', 'G08', 0),
(415, 'P08', 'G09', 0),
(416, 'P08', 'G10', 0),
(417, 'P08', 'G11', 0),
(418, 'P08', 'G12', 0),
(419, 'P08', 'G13', 0),
(420, 'P08', 'G14', 0),
(421, 'P08', 'G15', 0),
(422, 'P08', 'G16', 0.4),
(423, 'P08', 'G17', 0),
(424, 'P08', 'G19', 0),
(425, 'P08', 'G20', 0),
(426, 'P08', 'G21', 0),
(427, 'P08', 'G22', 0),
(428, 'P08', 'G23', 0),
(429, 'P08', 'G24', 0),
(430, 'P08', 'G25', 0),
(431, 'P08', 'G26', 0),
(432, 'P08', 'G27', 0),
(433, 'P08', 'G28', 0),
(434, 'P08', 'G29', 0),
(435, 'P08', 'G30', 0),
(436, 'P08', 'G32', 0),
(437, 'P08', 'G38', 0.6),
(438, 'P08', 'G39', 0),
(439, 'P08', 'G40', 0.8),
(440, 'P08', 'G41', 0.6),
(441, 'P08', 'G42', 0),
(442, 'P08', 'G43', 0),
(443, 'P08', 'G44', 0),
(444, 'P08', 'G45', 0),
(445, 'P08', 'G46', 0),
(446, 'P08', 'G47', 0),
(447, 'P09', 'G01', 0),
(448, 'P09', 'G02', 0),
(449, 'P09', 'G03', 0),
(450, 'P09', 'G04', 0),
(451, 'P09', 'G06', 0),
(452, 'P09', 'G08', 0),
(453, 'P09', 'G09', 0),
(454, 'P09', 'G10', 0.4),
(455, 'P09', 'G11', 0),
(456, 'P09', 'G12', 0),
(457, 'P09', 'G13', 0),
(458, 'P09', 'G14', 0),
(459, 'P09', 'G15', 0),
(460, 'P09', 'G16', 0),
(461, 'P09', 'G17', 0),
(462, 'P09', 'G19', 0),
(463, 'P09', 'G20', 0),
(464, 'P09', 'G21', 0),
(465, 'P09', 'G22', 0),
(466, 'P09', 'G23', 0),
(467, 'P09', 'G24', 0),
(468, 'P09', 'G25', 0),
(469, 'P09', 'G26', 0),
(470, 'P09', 'G27', 0),
(471, 'P09', 'G28', 0),
(472, 'P09', 'G29', 0),
(473, 'P09', 'G31', 0),
(474, 'P09', 'G32', 0),
(475, 'P09', 'G33', 0.4),
(476, 'P09', 'G34', 0),
(477, 'P09', 'G35', 0),
(478, 'P09', 'G37', 0),
(479, 'P09', 'G44', 0),
(480, 'P09', 'G45', 0),
(481, 'P09', 'G46', 0),
(482, 'P09', 'G47', 0),
(483, 'P10', 'G01', 0),
(484, 'P10', 'G02', 0),
(485, 'P10', 'G03', 0),
(486, 'P10', 'G04', 0),
(487, 'P10', 'G05', 0.8),
(488, 'P10', 'G06', 0),
(489, 'P10', 'G08', 0),
(490, 'P10', 'G10', 0),
(491, 'P10', 'G11', 0),
(492, 'P10', 'G12', 0),
(493, 'P10', 'G13', 0),
(494, 'P10', 'G14', 0),
(495, 'P10', 'G15', 0),
(496, 'P10', 'G16', 0.4),
(497, 'P10', 'G17', 0),
(498, 'P10', 'G19', 0),
(499, 'P10', 'G20', 0),
(500, 'P10', 'G22', 0),
(501, 'P10', 'G23', 0),
(502, 'P10', 'G24', 0),
(503, 'P10', 'G25', 0.4),
(504, 'P10', 'G26', 0),
(505, 'P10', 'G27', 0),
(506, 'P10', 'G28', 0),
(507, 'P10', 'G29', 0),
(508, 'P10', 'G30', 0),
(509, 'P10', 'G31', 0),
(510, 'P10', 'G32', 0),
(511, 'P10', 'G33', 0),
(512, 'P10', 'G34', 0),
(513, 'P10', 'G35', 0),
(514, 'P10', 'G36', 0),
(515, 'P10', 'G37', 0),
(516, 'P10', 'G38', 0),
(517, 'P10', 'G40', 0),
(518, 'P10', 'G41', 0),
(519, 'P10', 'G43', 0),
(520, 'P10', 'G45', 0);

-- --------------------------------------------------------

--
-- Table structure for table `tb_diagnosa`
--

CREATE TABLE `tb_diagnosa` (
  `id_diagnosa` int(11) NOT NULL,
  `kode_user` varchar(50) NOT NULL,
  `kode_penyakit` varchar(50) NOT NULL,
  `total_bobot` double NOT NULL,
  `gejala_pilih` text NOT NULL,
  `created_at` datetime NOT NULL
) ENGINE=InnoDB DEFAULT CHARSET=utf8mb4 COLLATE=utf8mb4_general_ci;

--
-- Dumping data for table `tb_diagnosa`
--

INSERT INTO `tb_diagnosa` (`id_diagnosa`, `kode_user`, `kode_penyakit`, `total_bobot`, `gejala_pilih`, `created_at`) VALUES
(1, '638da59ce5ded', 'P01', 39.06, '[\"G13\",\"G18\",\"G39\",\"G40\",\"G41\",\"G42\"]', '2022-12-05 16:03:04'),
(2, '638da73da592e', 'P01', 41.67, '[\"G01\",\"G08\",\"G34\"]', '2022-12-05 16:10:11'),
(3, '638db4719a170', 'P07', 25.08, '[\"G18\",\"G21\",\"G29\"]', '2022-12-05 17:06:20'),
(4, '638db4719a170', 'P01', 100, '[\"G13\"]', '2022-12-05 17:10:07'),
(5, '638dbe89b09c2', 'P02', 100, '[\"G04\"]', '2022-12-05 17:49:46'),
(6, '638d416cc26b6', 'P01', 30.84, '[\"G02\",\"G03\",\"G11\",\"G13\",\"G14\",\"G22\",\"G34\",\"G35\",\"G36\",\"G37\",\"G38\",\"G40\",\"G41\",\"G42\",\"G47\"]', '2022-12-05 18:48:38'),
(7, '638ea63e51511', 'P01', 30.16, '[\"G04\",\"G07\",\"G08\",\"G13\",\"G14\",\"G25\",\"G29\",\"G37\"]', '2022-12-06 10:18:07'),
(8, '638ea63e51511', 'P08', 20, '[\"G41\"]', '2022-12-06 11:18:58'),
(9, '638ea63e51511', 'P07', 38.46, '[\"G14\"]', '2022-12-06 11:20:56'),
(10, '638d416cc26b6', 'P01', 31.36, '[\"G02\",\"G03\",\"G07\",\"G11\",\"G13\",\"G14\",\"G18\",\"G29\",\"G30\",\"G32\",\"G34\",\"G35\",\"G36\",\"G37\",\"G38\",\"G39\",\"G40\",\"G41\",\"G42\",\"G43\",\"G47\"]', '2022-12-06 11:36:47'),
(11, '638ee24f526eb', 'P10', 28.67, '[\"G03\",\"G04\",\"G07\",\"G09\",\"G14\",\"G16\",\"G21\",\"G41\",\"G42\",\"G43\",\"G46\",\"G47\"]', '2022-12-06 14:35:00'),
(12, '638ee4dae050c', 'P01', 44.96, '[\"G13\",\"G14\",\"G16\",\"G39\"]', '2022-12-06 14:46:25'),
(13, '638ee88c11dc3', 'P10', 35.7, '[\"G01\",\"G07\",\"G21\",\"G42\",\"G46\"]', '2022-12-06 15:00:59'),
(14, '638eea0e9a074', 'P01', 17.97, '[\"G04\",\"G05\",\"G07\",\"G08\",\"G12\",\"G14\",\"G17\",\"G18\",\"G21\",\"G29\",\"G36\",\"G37\",\"G38\",\"G43\",\"G47\"]', '2022-12-06 15:07:02'),
(15, '638eeb0d30ea7', 'P01', 39.62, '[\"G03\",\"G13\",\"G14\",\"G47\"]', '2022-12-06 15:12:01'),
(16, '638eec0cebaab', 'P01', 22.31, '[\"G07\",\"G25\",\"G30\",\"G35\",\"G38\",\"G42\"]', '2022-12-06 15:16:09'),
(17, '638eefabdec1f', 'P01', 100, '[\"G13\"]', '2022-12-06 15:33:08'),
(18, '638ef0b2e2636', 'P02', 25, '[\"G03\",\"G04\",\"G25\",\"G41\"]', '2022-12-06 15:35:44'),
(19, '638ef0a858099', 'P01', 59.33, '[\"G02\",\"G13\",\"G14\",\"G42\"]', '2022-12-06 15:39:47'),
(20, '638ef192e1a79', 'P08', 33.33, '[\"G03\"]', '2022-12-06 15:41:51'),
(21, '638ef129de93f', 'P01', 21.03, '[\"G03\",\"G04\",\"G07\",\"G11\",\"G14\",\"G18\",\"G30\",\"G37\",\"G40\",\"G41\",\"G42\",\"G47\"]', '2022-12-06 15:37:43'),
(22, '638ef3224829d', 'P01', 35.8, '[\"G01\",\"G02\",\"G03\",\"G05\",\"G18\",\"G40\",\"G41\"]', '2022-12-06 15:49:41'),
(23, '638ef793b638a', 'P05', 28.33, '[\"G03\",\"G18\",\"G31\",\"G42\"]', '2022-12-06 16:05:01'),
(24, '638efab4b7ad6', 'P01', 31.25, '[\"G01\",\"G02\",\"G07\",\"G08\",\"G14\",\"G18\",\"G19\",\"G23\",\"G42\"]', '2022-12-06 16:18:35'),
(25, '638efcb40c049', 'P01', 36.36, '[\"G25\"]', '2022-12-06 16:26:57'),
(26, '638efdd04d3b1', 'P01', 18.79, '[\"G03\",\"G19\",\"G42\"]', '2022-12-06 16:32:26'),
(27, '638efdd04d3b1', 'P02', 21.55, '[\"G03\",\"G12\",\"G42\"]', '2022-12-06 16:34:21'),
(28, '638efe3f00700', 'P01', 21.34, '[\"G02\",\"G03\",\"G06\",\"G07\",\"G09\",\"G18\",\"G24\",\"G25\",\"G37\",\"G42\"]', '2022-12-06 16:37:25'),
(29, '638f03cc7f9c7', 'P08', 33.33, '[\"G03\"]', '2022-12-06 16:57:32'),
(30, '638f02cf7b453', 'P01', 34.48, '[\"G03\",\"G13\",\"G14\",\"G15\",\"G36\",\"G37\",\"G42\",\"G46\"]', '2022-12-06 16:56:07'),
(31, '638f05c4914a2', 'P01', 27.45, '[\"G03\",\"G04\",\"G13\",\"G22\",\"G36\",\"G37\",\"G38\",\"G40\",\"G41\",\"G42\",\"G44\"]', '2022-12-06 17:05:58'),
(32, '638efdd04d3b1', 'P01', 29.96, '[\"G03\",\"G12\",\"G13\",\"G19\",\"G21\",\"G37\",\"G39\",\"G42\"]', '2022-12-06 17:35:11'),
(33, '638f105052289', 'P01', 39.62, '[\"G03\",\"G13\",\"G14\",\"G47\"]', '2022-12-06 17:50:46'),
(34, '638f105052289', 'P01', 40, '[\"G03\",\"G13\",\"G47\"]', '2022-12-06 17:52:34'),
(35, '638f105052289', 'P01', 40, '[\"G03\",\"G13\",\"G47\"]', '2022-12-06 17:53:40'),
(36, '638f184fc2cbb', 'P01', 29.25, '[\"G03\",\"G05\",\"G11\",\"G13\",\"G14\",\"G17\",\"G18\",\"G36\",\"G37\",\"G39\",\"G40\",\"G46\"]', '2022-12-06 18:24:46'),
(37, '638f184fc2cbb', 'P01', 23.43, '[\"G03\",\"G05\",\"G07\",\"G09\",\"G12\",\"G13\",\"G17\",\"G36\",\"G37\",\"G39\",\"G42\",\"G46\"]', '2022-12-06 18:28:02'),
(38, '638f21ac81b6c', 'P01', 43.05, '[\"G01\",\"G02\",\"G08\",\"G22\",\"G23\"]', '2022-12-06 19:06:28'),
(39, '638f34e089b97', 'P01', 36.07, '[\"G03\",\"G13\",\"G14\",\"G36\",\"G37\",\"G38\",\"G40\",\"G42\"]', '2022-12-06 20:27:11'),
(40, '638f3aae6114f', 'P01', 41.23, '[\"G03\",\"G13\",\"G14\",\"G37\",\"G40\",\"G42\"]', '2022-12-06 20:51:15'),
(41, '63918c19345d1', 'P01', 100, '[\"G13\"]', '2022-12-08 15:03:30'),
(42, '63918d63357f8', 'P01', 22.2, '[\"G04\",\"G12\",\"G13\",\"G07\",\"G38\",\"G39\",\"G42\",\"G18\",\"G41\",\"G46\",\"G27\"]', '2022-12-08 15:09:20'),
(43, '63918dd4c6320', 'P02', 25, '[\"G04\",\"G03\",\"G41\",\"G37\"]', '2022-12-08 15:11:58'),
(44, '639192065c061', 'P01', 31.56, '[\"G14\",\"G13\",\"G31\",\"G03\",\"G39\",\"G42\",\"G18\",\"G37\",\"G47\"]', '2022-12-08 15:28:59'),
(45, '6391969bb4af6', 'P05', 100, '[\"G31\"]', '2022-12-08 15:48:08'),
(46, '639197c70d123', 'P05', 28.07, '[\"G16\"]', '2022-12-08 15:53:45'),
(47, '63919dba6de6d', 'P05', 100, '[\"G31\"]', '2022-12-08 16:18:21'),
(48, '6391ae4fda9af', 'P03', 38.67, '[\"G06\",\"G40\",\"G39\"]', '2022-12-08 17:29:18'),
(49, '6391af48bc354', 'P10', 42.69, '[\"G13\",\"G16\",\"G47\"]', '2022-12-08 17:33:22'),
(50, '6391af497c868', 'P02', 29.93, '[\"G12\",\"G05\"]', '2022-12-08 17:33:41'),
(51, '6391b1270bfb6', 'P01', 36.36, '[\"G25\"]', '2022-12-08 17:41:38'),
(52, '6391b1270bfb6', 'P04', 42.42, '[\"G25\",\"G08\",\"G09\"]', '2022-12-08 17:44:43'),
(53, '6391b5773cb88', 'P01', 37.13, '[\"G13\",\"G31\",\"G34\",\"G38\"]', '2022-12-08 17:59:34'),
(54, '6391b7f9307e9', 'P01', 25.31, '[\"G01\",\"G04\",\"G19\",\"G25\",\"G08\",\"G11\",\"G40\",\"G03\",\"G07\",\"G39\",\"G18\",\"G36\"]', '2022-12-08 18:10:28'),
(55, '638d4c720c0ad', 'P07', 47.17, '[\"G19\"]', '2022-12-09 13:29:49'),
(56, '6392ebe0a92c1', 'P04', 52.38, '[\"G08\",\"G24\",\"G47\"]', '2022-12-09 16:03:55'),
(57, '6392ebbd7a7d7', 'P05', 15.31, '[\"G05\"]', '2022-12-09 16:03:35'),
(58, '6392ec187848b', 'P01', 44.51, '[\"G02\",\"G13\",\"G05\",\"G03\",\"G37\"]', '2022-12-09 16:05:16'),
(59, '6392eca3b625d', 'P07', 47.17, '[\"G19\"]', '2022-12-09 16:07:17'),
(60, '6392eca3b625d', 'P07', 47.17, '[\"G19\"]', '2022-12-09 16:08:20'),
(61, '6392ec97621ea', 'P01', 32.15, '[\"G22\",\"G13\",\"G21\",\"G42\",\"G18\",\"G36\",\"G47\"]', '2022-12-09 16:07:46'),
(62, '6392eca3b625d', 'P07', 47.17, '[\"G19\"]', '2022-12-09 16:10:02'),
(63, '6392ed7108efa', 'P01', 100, '[\"G13\"]', '2022-12-09 16:11:03'),
(64, '6392ed400ad7e', 'P05', 100, '[\"G31\"]', '2022-12-09 16:10:57'),
(65, '6392ed2cbcdb1', 'P01', 30.05, '[\"G13\",\"G18\",\"G36\",\"G41\",\"G47\"]', '2022-12-09 16:10:14'),
(66, '6392eda29abee', 'P05', 28.57, '[\"G23\"]', '2022-12-09 16:12:19'),
(67, '6392eda29abee', 'P05', 28.57, '[\"G23\"]', '2022-12-09 16:14:20'),
(68, '6392ed7858f5b', 'P01', 21.57, '[\"G04\",\"G08\",\"G13\",\"G03\",\"G36\",\"G41\",\"G47\"]', '2022-12-09 16:12:33'),
(69, '6393198095b26', 'P10', 100, '[\"G47\"]', '2022-12-09 19:32:40'),
(70, '6393198095b26', 'P01', 36.36, '[\"G25\"]', '2022-12-09 19:34:40'),
(71, '639315ecb6023', 'P01', 27.37, '[\"G01\",\"G02\",\"G08\",\"G21\",\"G30\",\"G38\",\"G42\",\"G18\",\"G35\",\"G36\",\"G37\",\"G47\"]', '2022-12-09 21:08:45');

-- --------------------------------------------------------

--
-- Table structure for table `tb_gejala`
--

CREATE TABLE `tb_gejala` (
  `kode_gejala` varchar(16) NOT NULL,
  `nama_gejala` varchar(255) DEFAULT NULL,
  `nomor` int(11) NOT NULL
) ENGINE=InnoDB DEFAULT CHARSET=latin1 COLLATE=latin1_swedish_ci;

--
-- Dumping data for table `tb_gejala`
--

INSERT INTO `tb_gejala` (`kode_gejala`, `nama_gejala`, `nomor`) VALUES
('G01', 'Perdarahan haid lebih lama dari normal (lebih dari 7 hari)', 1),
('G02', 'Darah haid keluar berlebihan', 4),
('G03', 'Nyeri atau kram pada bagian bawah', 26),
('G04', 'Perdarahan haid lebih pendek dari normal (kurang dari 7 hari)', 2),
('G05', 'Mengalami gangguan hormonal', 20),
('G06', 'Siklus haid lebih pendek dari normal (kurang dari 21 hari)', 10),
('G07', 'Mengalami stres mental, depresi atau stres fisik', 30),
('G08', 'Siklus haid lebih panjang dari normal (lebih dari 35 hari)', 9),
('G09', 'Pernah mengalami haid namun berhenti berturut-turut selama 3 bulan', 13),
('G10', 'Mengalami gangguan gizi/nutrisi', 21),
('G11', 'Kehilangan nafsu makan', 22),
('G12', 'Darah haid keluar sedikit', 5),
('G13', 'Siklus haid berjalan normal', 11),
('G14', 'Sering mengganti pembalut per harinya', 7),
('G15', 'Lemak pada tubuh rendah (kurus)', 29),
('G16', 'Mempunyai penyakit keturunan', 19),
('G17', 'Memakai kontrasepsi darurat', 16),
('G18', 'Mengalami kelelahan', 35),
('G19', 'Terjadinya perdarahan diluar masa haid', 3),
('G20', 'Mempunyai penyakit kronis', 18),
('G21', 'Obesitas', 28),
('G22', 'Gumpalan darah yang dikeluarkan lebih besar dari biasanya', 8),
('G23', 'Memakai obat tertentu (seperti KB)', 15),
('G24', 'Mengalami haid hanya 8-9 kali dalam setahun', 12),
('G25', 'Keluarnya darah haid tidak teratur', 6),
('G26', 'Sedang mengubah pemakaian obat', 17),
('G27', 'Kelainan pada vagina', 47),
('G28', 'Cedera pada vagina', 46),
('G29', 'Sering kesemutan', 38),
('G30', 'Sulit untuk konsentrasi', 31),
('G31', 'Sedang mengalami kehamilan', 14),
('G32', 'Suhu tubuh turun', 39),
('G33', 'Mengalami diare', 23),
('G34', 'Sering mual dan muntah', 24),
('G35', 'Sensitif terhadap suara dan cahaya', 36),
('G36', 'Pusing atau sakit kepala', 37),
('G37', 'Sakit punggung', 41),
('G38', 'Sering merasa cemas', 32),
('G39', 'Susah tidur', 33),
('G40', 'Sakit perut', 25),
('G41', 'Sakit pada payudara', 40),
('G42', 'Suasana hati cepat berubah', 34),
('G43', 'Kelaparan berlebihan', 27),
('G44', 'Pertumbuhan rambut yang tidak diinginkan', 45),
('G45', 'Sesak nafas', 42),
('G46', 'Rambut pada kepala menipis', 44),
('G47', 'Jerawatan', 43);

-- --------------------------------------------------------

--
-- Table structure for table `tb_penyakit`
--

CREATE TABLE `tb_penyakit` (
  `kode_penyakit` varchar(16) NOT NULL,
  `nama_penyakit` varchar(255) DEFAULT NULL,
  `bobot` double DEFAULT NULL,
  `keterangan` text DEFAULT NULL
) ENGINE=InnoDB DEFAULT CHARSET=latin1 COLLATE=latin1_swedish_ci;

--
-- Dumping data for table `tb_penyakit`
--

INSERT INTO `tb_penyakit` (`kode_penyakit`, `nama_penyakit`, `bobot`, `keterangan`) VALUES
('P01', 'Menoragia/Hipermenoria', 0.8, 'Menoragia atau Hipermenorea adalah siklus menstruasi dengan interval normal dan teratur namun jumlah darah dan durasi yang lebih dari normal. Secara medis Menoragia didefinisikan total jumlah darah haid lebih dari 80 ml per siklus dan durasi haid lebih lama dari 7 hari. perdarahan yang keluar secara berlebihan mengharuskan sering ganti pembalut lebih dari 6 kali per hari. Gangguan ini bisa disebabkan oleh banyak hal seperti kondisi dalam uterus, ketidakseimbangan hormon/endokrin, penyakit darah, gangguan anatomi dan lainnya. sebaiknya periksa diri langsung kepada dokter jika mengalami perdarahan yang berlebihan agar ditangani dengan baik.'),
('P02', 'Hipomenorea', 0.3, 'Hipomenorea adalah perdarahan menstruasi dengan jumlah darah lebih sedikit dan/atau durasi lebih pendek dari normal. Sebab-sebabnya dapat terletak pada konstitusi penderita, pada uterus (misalnya sesudah miomektomi), pada gangguan endokrin/hormon, dan lain-lain. Kecuali jika ditemukannya oleh sebab yang nyata, terapi dapat dilakukan untuk menenangkan penderita. Adanya Hipomenorea tidak akan mengganggu fertilitas.'),
('P03', 'Polimenorea', 0.8, 'Polimenorea adalah dari siklus mentruasi yang lebih pendek dari normal yaitu kurang dari 21 hari. Gangguan ini akan membuat wanita lebih sering mendapatkan menstruasi setiap tahunnya. Penyebab Polimenorea bermacam-macam antara lain gangguan endokrin yang menyebabkan gangguan ovulasi, fase luteal memendek, dan kongesti ovarium karena peradangan ataupun juga bisa disebabkan oleh stres. Kondisi ini sebaiknya jangan dianggap sepele karena akan menyebabkan beberapa dampak, misalnya saja masalah kesuburan. Wanita harus memperhatikan faktor dari siklus menstruasi yang dialami, agar terhindar dari berbagai gangguan kesehatan.'),
('P04', 'Oligomenorea', 0.3, 'Oligomenorea adalah haid dengan siklus yang lebih panjang dari normal yaitu lebih dari 35 hari. Kondisi ini mengakibatkan seorang wanita jarang mengalami menstruasi selama setahun, yakni kurang dari 8-9 kali. Gangguan ini sering terjadi pada sindroma ovarium polikistik yang disebabkan oleh peningkatan hormon androgen sehingga terjadi gangguan ovulasi. Penyebab Oligomenorea antara lain stres fisik dan emosi, penyakit kronis, serta gangguan nutrisi. Oligomenorea memerlukan evaluasi lebih lanjut untuk mencari penyebab. Perhatian perlu diberikan bila Oligomenorea disertai dengan obesitas dan infertibilitas karena mungkin berhubungan dengan sindroma metabolik.'),
('P05', 'Amenorea', 0.8, 'Amenorea adalah dimana kondisi seorang wanita berhenti mengalami menstruasi sama sekali. Tidak mengalami menstruasi sama sekali selama 90 hari dan dianggap tidak normal, kecuali wanita hamil dan menopause. Amenorea dibagi menjadi dua, yaitu Amenorea primer dan Amenorea sekunder. Amenorea Primer adalah dimana kondisi seorang wanita belum pernah mengalami menstruasi sampai usia 16 tahun. Sedangkan amenoria Sekunder adalah dimana kondisi seorang wanita yang subur tiba-tiba berhenti mengalami menstruasi selama tiga bulan berturut-turut hingga lebih. Amenorea sekunder dan Amenorea primer memiliki penyebab yang berbeda. Amenorea primer biasanya disebabkan kelainan genetik, gangguan hormon hingga permasalahan pada rahim. Sedangkan Amenorea sekunder disebabkan kehamilan, menopause, efek samping obat-obatan, gangguan rahim dan penggunaan kontrasepsi. Selain itu gangguan gizi dan olahraga yang berlebihan bisa mengakibatkan Amenorea. Apabila Anda tidak mengalami menstruasi selama 3 bulan, segera konsultasi bersama dokter.'),
('P06', 'Metroragia', 0.8, 'Metroragia biasa disebut dengan perdarahan intermenstrual, adalah perdarahan vagina yang terjadi pada interval tidak teratur dengan jumlah darah dan durasi lebih dari normal yang tidak terkait dengan siklus menstruasi. Sementara darah berasal dari rahim seperti yang terjadi selama menstruasi, perdarahan tidak mewakili menstruasi yang normal. Ada beberapa penyebab Metroragia, beberapa di antaranya tidak berbahaya. Dalam kasus lain, Metroragia bisa menjadi tanda kondisi yang lebih serius.'),
('P07', 'Menometroragia', 1, 'Menometroragia adalah gangguan pendaharan di luar siklus menstruasi, dimana kondisi ditandai dengan perdarahan uterus abnormal yang berat, berkepanjangan, dan tidak teratur. Wanita dengan kondisi ini biasanya mengalami perdarahan lebih dari 80 ml, atau 3 ons, selama siklus menstruasi. Perdarahan juga tidak terduga dan sering. Misalnya, penderita mungkin akan mengalami perdarahan di luar waktu yang diharapkan dari periode menstruasi penderita.'),
('P08', 'Dismenorea', 0.8, 'Dismenorea adalah nyeri saat haid,biasanya dengan rasa kram dan terpusat di abdomen bawah. Keluhan nyeri haid dapat terjadi bervariasi mulai dari yang ringan sampai berat. Keparahan Dismenorea berhubungan langsung dengan lama dan jumlah darah haid. Seperti diketahui haid hampir selalu diikuti dengan rasa mulas/nyeri. Namun, yang dimaksud dengan Dismenorea pada topik ini adalah nyeri haid berat sampai menyebabkan perempuan tersebut datang berobat ke dokter atau mengobati dirinya sendir dengan obat anti nyeri.'),
('P09', 'Sindroma Prahaid (PMS)', 0.3, 'PMS merupakan sindroma atau kumpulan berbagai keluhan yang muncul sebelum haid, yaitu antara lain cemas, lelah, susah konsentrasi, susah tidur, hilang energi, sakit kepala, sakit perut dan sakit pada payudara. Premenstrual Syndrome biasanya ditemukan 7-10 hari menjelang haid. Penyebab pasti belum diketahui, tetapi diduga hormon estrogen, progesteron, prolaktin, dan aldosteron berperan dalam terjadinya Premenstrual Syndrome. Gangguan keseimbangan hormon estrogen dan progesteron akan menyebabkan retensi cairan dan natrium sehingga berpotensi menyebabkan terjadi keluhan Premenstrual Syndrome. Perempuan yang peka terhadap faktor psikologis, perubahan hormon sering mengalami gangguan prahaid.'),
('P10', 'PCOS', 0.8, 'Polycystic Ovary Syndrome atau sering disebut dengan PCOS merupakan sindroma atau kumpulan gejala yang diakibatkan karena gangguan hormon yang terjadi pada saat masa reproduksi. Jika mengalami PCOS, penderita biasanya tidak menstruasi secara teratur. Atau penderita juga dapat mengalami menstruasi yang berlangsung hanya beberapa hari saja. Penyebab gangguan menstruasi ini dikarenakan terlalu banyaknya hormon yang disebut dengan Androgen dalam tubuh, dan juga disebabkan karena obesitas.');

-- --------------------------------------------------------

--
-- Table structure for table `tb_user`
--

CREATE TABLE `tb_user` (
  `id_user` int(11) NOT NULL,
  `kode_user` varchar(50) NOT NULL,
  `email` varchar(50) NOT NULL,
  `pass` varchar(250) NOT NULL,
  `user` varchar(100) NOT NULL,
  `tgl_lahir` date NOT NULL,
  `jenis_kelamin` enum('L','P') NOT NULL,
  `kota_asal` varchar(250) NOT NULL,
  `pekerjaan` varchar(250) NOT NULL,
  `hak_akses` enum('0','1') NOT NULL,
  `created_at` datetime NOT NULL,
  `updated_at` datetime DEFAULT NULL,
  `login_at` datetime DEFAULT NULL,
  `logout_at` datetime DEFAULT NULL
) ENGINE=InnoDB DEFAULT CHARSET=utf8mb4 COLLATE=utf8mb4_general_ci;

--
-- Dumping data for table `tb_user`
--

INSERT INTO `tb_user` (`id_user`, `kode_user`, `email`, `pass`, `user`, `tgl_lahir`, `jenis_kelamin`, `kota_asal`, `pekerjaan`, `hak_akses`, `created_at`, `updated_at`, `login_at`, `logout_at`) VALUES
(1, '1', 'artaputra95@gmail.com', 'admin', 'I Nyoman Gde Artadana Mahaputra Wardhiana', '1997-03-18', 'L', 'Denpasar', 'Mahasiswa', '0', '0000-00-00 00:00:00', NULL, '2022-12-10 13:25:50', '2022-12-07 10:55:58'),
(2, '638d416cc26b6', 'putriprema14@gmail.com', 'erongendut14', 'Putri Prema Paramitha', '2002-06-14', 'P', 'Denpasar', 'Mahasiswa', '1', '2022-12-05 08:55:08', NULL, '2022-12-07 23:06:50', '2022-12-06 12:19:37'),
(3, '638d4c720c0ad', 'padmiasih09@gmail.com', 'indraj3n', 'Ni wayan supadmiasih', '1989-09-26', 'P', 'Tabanan', 'Swasta', '1', '2022-12-05 09:42:10', NULL, '2022-12-09 13:28:28', NULL),
(4, '638da54012a83', 'ditaayuratna@yahoo.com', 'Dittarattna', 'Dita Ayu', '1994-05-07', 'P', 'Badung', 'Wiraswasta', '1', '2022-12-05 16:01:04', NULL, '2022-12-05 16:01:09', NULL),
(5, '638da59ce5ded', 'nik.yunita06@gmail.com', 'myjxyw-1koccy-cetdaQ', 'Ni wayan yunita utami ', '2022-12-05', 'P', 'Tabanan', 'Guru', '1', '2022-12-05 16:02:36', NULL, '2022-12-05 16:02:48', NULL),
(6, '638da73da592e', 'prabhawantiputri@gmail.com', 'putri', 'Putu Putri Prabhawanti', '1996-02-18', 'P', 'Denpasar ', 'wiraswasta', '1', '2022-12-05 16:09:33', NULL, '2022-12-05 16:09:52', NULL),
(7, '638db4719a170', 'putu.ayusas@gmail.com', 'agushendra', 'putu ayu sasmita devi', '1988-10-25', 'P', 'denpasar', 'swasta', '1', '2022-12-05 17:05:53', NULL, '2022-12-05 17:06:09', NULL),
(8, '638db619dceee', 'artasari53@gmail.com', 'indira', 'Ida Ayu Putu Arta Sari Dewi ', '1991-03-05', 'P', 'Denpasar', 'Guru', '1', '2022-12-05 17:12:57', NULL, '2022-12-05 17:14:28', NULL),
(9, '638dbe89b09c2', 'wiryaniratna@gmail.com', '30081992', 'Ni Putu Ratna Wiryani', '1992-08-30', 'P', 'Klungkung', 'Karyawan Swasta', '1', '2022-12-05 17:48:57', NULL, '2022-12-05 17:49:28', NULL),
(10, '638dc145af3a6', 'dwicahyaninimade@gmail.com', 'dwisuprik', 'Ni made dwi cahyani', '1994-05-25', 'P', 'Denpasar', 'Pegawai swasta', '1', '2022-12-05 18:00:37', NULL, '2022-12-05 18:01:05', NULL),
(11, '638dcc6b75a9e', 'putriprem14@gmail.com', 'erongendut14', 'Putri wirawan', '2002-06-14', 'P', 'Denpasar', 'Mahasiswa', '1', '2022-12-05 18:48:11', NULL, NULL, NULL),
(12, '638dd1858f4c8', 'kadekjulianti0000@gmail.com', 'Juli2007', 'Kadek julianti ', '1991-07-20', 'P', 'Buleleng', 'Reservation Hotel', '1', '2022-12-05 19:09:57', NULL, '2022-12-05 19:10:55', NULL),
(13, '638ddf70d4346', 'cintyawardanii@gmail.com', 'itamelon28', 'I Gusti Ayu Cintya Wardani', '2000-12-29', 'P', 'Gianyar', 'Mahasiswi', '1', '2022-12-05 20:09:20', NULL, '2022-12-05 20:09:47', NULL),
(14, '638ea63e51511', 'bilavictory@gmail.com', 'bilacantikbanget', 'Nabila Victory Aribowo', '2001-07-11', 'P', 'Denpasar', 'Mahasiswa', '1', '2022-12-06 10:17:34', NULL, '2022-12-06 11:18:40', NULL),
(15, '638ee24f526eb', 'diian.rani245@gmail.com', 'diian.245', 'NI MADE DHIAN RANI YULIANTI', '1986-07-10', 'P', 'Klungkung', 'Dosen', '1', '2022-12-06 14:33:51', NULL, '2022-12-06 14:34:33', NULL),
(16, '638ee4dae050c', 'nanajuwitasemara@gmail.com', 'juwitajuwita', 'Putu Ratna Juwita Sari', '1985-06-19', 'P', 'Badung', 'swasta', '1', '2022-12-06 14:44:42', NULL, '2022-12-06 14:45:27', NULL),
(17, '638ee88c11dc3', 'dhianirmasari@gmail.com', 'Irmaady8', 'Ni Putu Dhian Irmasari', '1983-05-31', 'P', 'Denpasar', 'Notaris', '1', '2022-12-06 15:00:28', NULL, '2022-12-06 15:00:32', NULL),
(18, '638eea0e9a074', 'ayu.eviani@gmail.com', 'kirana08', 'I Gusti Ayu Eviani Yuliantari', '1989-03-18', 'P', 'Badung', 'Dosen', '1', '2022-12-06 15:06:54', NULL, '2022-12-06 15:06:59', NULL),
(19, '638eeb0d30ea7', 'sucikim94@gmail.com', 'kimkimsucik', 'NI KADEK SUCI ARISKA', '1994-07-02', 'P', 'Amlapura', 'Swasta', '1', '2022-12-06 15:11:09', NULL, '2022-12-06 15:11:13', NULL),
(20, '638eeb8047c6f', 'fitadewi970@gmail.com', 'fitadewi123', 'Ni putu ayu fita dewi', '1995-09-22', 'P', 'Gianyar', 'Swasta', '1', '2022-12-06 15:13:04', NULL, '2022-12-06 15:13:21', NULL),
(21, '638eec0cebaab', 'petra.stark615@gmail.com', 'baruna98', 'NI KADEK NITAMI KRISMA DEWI', '1998-08-18', 'P', 'Badung', 'Wiraswasta', '1', '2022-12-06 15:15:24', NULL, '2022-12-06 15:15:36', NULL),
(22, '638eed7d83f3f', 'erykusumayanthi@gmail.com', '96090022', 'kadek ery kusumayanthi', '1996-09-02', 'P', 'badung', 'polri', '1', '2022-12-06 15:21:33', NULL, '2022-12-06 15:21:51', NULL),
(23, '638eefabdec1f', 'madeastiti1983@gmail.com', '123benar', 'Ni Made Astiti', '1983-09-23', 'P', 'Denpasar', 'IRT', '1', '2022-12-06 15:30:51', NULL, '2022-12-06 15:32:46', NULL),
(24, '638ef034cf170', 'dsksusilawati79@gmail.com', 'Mekarsari1', 'Desak Nyoman Susilawati', '1979-09-14', 'P', 'Karangasem', 'ASN', '1', '2022-12-06 15:33:08', NULL, '2022-12-06 15:33:57', NULL),
(25, '638ef0a858099', 'sriwisuda@gmail.com', 'srisuastama2011', 'Ni Nyoman sri wisudawati', '1986-12-05', 'P', 'Gianyar', 'Dosen', '1', '2022-12-06 15:35:04', NULL, '2022-12-06 15:35:21', NULL),
(26, '638ef0b2e2636', 'kdmayadamayanti@gmail.com', 'mayadamayanti16', 'Kadek maya damayanti', '2000-01-16', 'P', 'Badung, Bali', 'Mahasiswa', '1', '2022-12-06 15:35:14', NULL, '2022-12-06 15:35:32', NULL),
(27, '638ef129de93f', 'kdayu29@gmail.com', 'Ayudwi', 'Ni Kadek Ayu Dwi Lestari Giri', '1997-11-29', 'P', 'Denpasar', 'Asisten Apoteker', '1', '2022-12-06 15:37:13', NULL, '2022-12-06 15:37:40', NULL),
(28, '638ef192e1a79', 'nyomandarmika@gmail.com', 'devita', 'Ketut sukerini', '1986-05-27', 'P', 'Singaraja', 'Butuh', '1', '2022-12-06 15:38:58', NULL, '2022-12-06 15:39:20', NULL),
(29, '638ef3224829d', 'darmiasih761@gmail.com', 'darmi', 'Ketut Darmiasih', '1989-06-14', 'P', 'Singaraja', 'Dagang', '1', '2022-12-06 15:45:38', NULL, '2022-12-06 15:49:35', NULL),
(30, '638ef793b638a', 'idaayudeviariani2@gmail.com', '270594', 'Ida Ayu Devi Ariani', '1994-05-27', 'P', 'Denpasar', 'Dokter Umum', '1', '2022-12-06 16:04:35', NULL, '2022-12-06 16:04:41', NULL),
(31, '638efab4b7ad6', 'mutiaraayu578@gmail.com', 'mutiara5', 'Putu mutiara ayu', '1997-11-29', 'P', 'Badung', 'Pegawai swasta', '1', '2022-12-06 16:17:56', NULL, '2022-12-06 16:18:18', NULL),
(32, '638efcb40c049', 'utaryagustini@rocketmail.com', 'dedeutari19', 'Kadek Utari Agustini', '1992-08-19', 'P', 'Mengwi', 'Tidak bekerja', '1', '2022-12-06 16:26:28', NULL, '2022-12-06 16:26:34', NULL),
(33, '638efdd04d3b1', 'gunggeginten@gmail.com', 'Wisnawa07', 'AA Sagung Inten ', '1993-12-12', 'P', 'Denpasar', 'Pegawai Swasta', '1', '2022-12-06 16:31:12', NULL, '2022-12-06 17:35:09', NULL),
(34, '638efe3f00700', 'niketutagustini81@gmail.com', '123benar', 'Ni Ketut Agustini', '1995-08-18', 'P', 'Denpasar', 'IRT', '1', '2022-12-06 16:33:03', NULL, '2022-12-06 16:37:18', NULL),
(35, '638f02cf7b453', 'julijoule18@gmail.com', 'joulecho18!', 'Ketut Juliartini', '1991-07-18', 'P', 'Denpasar', 'Karyawan swasta', '1', '2022-12-06 16:52:31', NULL, '2022-12-06 16:55:26', NULL),
(36, '638f03cc7f9c7', 'ayundatamaradewi@gmail.com', 'ayunda170196', 'Ni Putu Ayunda Tamara Dewi', '1996-01-17', 'P', 'Denpasar', 'Pegawai', '1', '2022-12-06 16:56:44', NULL, '2022-12-06 16:56:50', NULL),
(37, '638f05c4914a2', 'mahashintabharata@gmail.com', 'bebygalih14', 'Mahashinta Bayuari', '1995-08-07', 'P', 'Denpasar', 'Wirausaha', '1', '2022-12-06 17:05:08', NULL, '2022-12-06 17:05:41', NULL),
(38, '638f0c2ae2a6b', 'megasriani_dp@yahoo.co.id', 'Palapa12', 'Ni kt mega sriani', '1982-05-02', 'P', 'Denpasar', 'Wiraswasta', '1', '2022-12-06 17:32:26', NULL, '2022-12-06 17:32:38', NULL),
(39, '638f105052289', 'siskadharmayanti24@gmail.com', '242424', 'Siska Dharmayanti', '1994-03-24', 'P', 'Badung', 'Perawat', '1', '2022-12-06 17:50:08', NULL, '2022-12-06 17:50:30', NULL),
(40, '638f1393e3394', 'sussyendra@gmail.com', 'lovelustfaithdream', 'Ni Nengah Susiani', '1988-01-06', 'P', 'Denpasar', 'Karyawan Swasta', '1', '2022-12-06 18:04:03', NULL, '2022-12-06 18:04:38', NULL),
(41, '638f184fc2cbb', 'evitacldh@gmail.com', 'gataulupa', 'Ni Komang Evita Carla Shinta', '2001-10-06', 'P', 'Denpasar ', 'Pegawai Swasta ', '1', '2022-12-06 18:24:15', NULL, '2022-12-06 18:24:31', NULL),
(42, '638f21ac81b6c', 'ayuwahyuni.aw82@gmail.com', 'niputusriayuwahyuni', 'Ni Putu Sri Ayu Wahyuni', '1982-02-24', 'P', 'Denpasar', 'Swasta', '1', '2022-12-06 19:04:12', NULL, '2022-12-06 19:05:07', NULL),
(43, '638f34e089b97', 'diahsawitri59@gmail.com', 'diahsawitri7', 'Ni Luh Gede Diah Sawitri', '1999-04-07', 'P', 'Tabanan', 'Mahasiswa', '1', '2022-12-06 20:26:08', NULL, '2022-12-06 20:26:40', NULL),
(44, '638f3aae6114f', 'dwilaksmi94@gmail.com', '9424', 'Ni Made Dwi Laksmi ', '2000-12-24', 'P', 'Tabanan ', 'Mahasiswa ', '1', '2022-12-06 20:50:54', NULL, '2022-12-06 20:51:03', NULL),
(45, '63918c19345d1', 'igameilani@gmail.com', 'wardiana', 'I gusti ayu meilani', '1981-05-22', 'P', 'Denpasar', 'Karyawan', '1', '2022-12-08 15:02:49', NULL, '2022-12-08 15:03:01', NULL),
(46, '63918cf2594ce', 'melianadewi920@gmail.com', '12345678', 'Kadek Meliana dewi', '1983-05-09', 'P', 'Singaraja', 'Swasta', '1', '2022-12-08 15:06:26', NULL, '2022-12-08 15:06:42', NULL),
(47, '63918d12ceb0d', 'ratnikiene@gmx.de', 'Alveradis22', 'Ratni Purbayani', '1992-08-12', 'P', 'Jembrana', 'Swasta', '1', '2022-12-08 15:06:58', NULL, '2022-12-08 15:07:27', NULL),
(48, '63918d63357f8', 'sariani_ketut@yahoo.co.id', 'Sari191085', 'Ketut sariani', '1985-10-19', 'P', 'Gianyar', 'Swasta', '1', '2022-12-08 15:08:19', NULL, '2022-12-08 15:08:40', NULL),
(49, '63918dd4c6320', 'komangmikacahyani@gmail.com', 'mika93', 'Komang mika cahayani ', '1993-10-26', 'P', 'Banjar dinas taman desa munduk ', 'Karyawan swasta', '1', '2022-12-08 15:10:12', NULL, '2022-12-09 16:20:47', NULL),
(50, '639192065c061', 'gustiayuratihartania@gmail.com', '123456789', 'Ni Gusti Ayu Ratih Artania', '1995-09-28', 'P', 'Badung Bali', 'Karyawan swasta', '1', '2022-12-08 15:28:06', NULL, '2022-12-08 15:28:40', NULL),
(51, '6391969bb4af6', 'tuning.murtining@yahoo.com', 'Agustus97', 'Ni Putu Sri Murtining Asih', '1997-08-10', 'P', 'Badung', 'Pegawai swasta', '1', '2022-12-08 15:47:39', NULL, '2022-12-08 15:47:56', NULL),
(52, '639197c70d123', 'vera.risna@gmail.com', 'vera28051994', 'Ni Made Vera Risna Putri', '1994-05-08', 'P', 'Badung', 'Dokter umum', '1', '2022-12-08 15:52:39', NULL, '2022-12-08 15:52:57', NULL),
(53, '63919dba6de6d', 'yuliartini2887@gmail.com', 'horbym-Hovwed-fazqe8', 'Ni putu Yuli Artini ', '1987-07-28', 'P', 'Denpasar ', 'Wirausaha', '1', '2022-12-08 16:18:02', NULL, '2022-12-08 16:18:12', NULL),
(54, '6391ae4fda9af', 'adiputraiwayan226@gmail.com', 'ditarock', 'Adi putra', '1984-05-14', 'L', 'Tabanan', 'Pedagang', '1', '2022-12-08 17:28:47', NULL, '2022-12-08 17:29:05', NULL),
(55, '6391af48bc354', 'rianti.rusma@yahoo.com', '484848', 'Rianti Rusmadewi', '1995-02-10', 'P', 'Gianyar', 'Perawat', '1', '2022-12-08 17:32:56', NULL, '2022-12-08 17:33:08', NULL),
(56, '6391af497c868', 'gektasuartika@gmail.com', '202020', 'Luh Putu Sustaviani', '1992-05-26', 'P', 'Karangasem', 'Swasta', '1', '2022-12-08 17:32:57', NULL, '2022-12-08 17:33:26', NULL),
(57, '6391b1270bfb6', 'desaksuadnyani@gmail.com', 'Desak123', 'Desak Made Lingga Suadnyani', '1996-03-07', 'P', 'Tabanan', 'Swasta', '1', '2022-12-08 17:40:55', NULL, '2022-12-08 17:41:07', NULL),
(58, '6391b5773cb88', 'msmurja@gmail.com', 'iluh@912218', 'NI LUH MD SRI MURJANIASIH', '1995-02-08', 'P', 'Bangli', 'Karyawan swasta', '1', '2022-12-08 17:59:19', NULL, '2022-12-08 17:59:30', NULL),
(59, '6391b7f9307e9', 'offisnyn@gmail.com', 'Qwerty7898', 'Isnyn Meila Rakhmy', '1998-05-08', 'P', 'Denpasar', 'Pegawai', '1', '2022-12-08 18:10:01', NULL, '2022-12-08 18:10:18', NULL),
(60, '6392ebbd7a7d7', 'gustiarimahoni@icloud.cm', 'vemtah-cohkuq-9Sinfu', 'Gusti ayu putu arimahoni', '1986-03-22', 'P', 'Badung', 'Swasta', '1', '2022-12-09 16:03:09', NULL, '2022-12-09 16:03:13', NULL),
(61, '6392ebe0a92c1', 'desaknovi27@gmail.com', 'desak2711', 'I Desak Kadek Novitayanti', '1994-12-27', 'P', 'Singaraja', 'Swasta', '1', '2022-12-09 16:03:44', NULL, '2022-12-09 16:03:47', NULL),
(62, '6392ec187848b', 'pariawan2011@gmail.com', 'nusapenida1', 'Ni Luh Ardiani', '1988-05-14', 'P', 'Denpasar', 'Karyawan Swasta', '1', '2022-12-09 16:04:40', NULL, '2022-12-09 16:04:54', NULL),
(63, '6392ec97621ea', 'nilahermawati.made@gmail.com', 'Aditnila152022', 'Ni Made Nila Hermawati ', '1997-10-22', 'P', 'Tabanan', 'Tenaga Administrasi', '1', '2022-12-09 16:06:47', NULL, '2022-12-09 16:07:19', NULL),
(64, '6392eca3b625d', 'Krisnajulianadewi@yahoo.com', 'okta30', 'Ni Kadek Krisna Juliana Dewi', '1996-07-11', 'P', 'Klungkung', 'Swasta', '1', '2022-12-09 16:06:59', NULL, '2022-12-09 16:07:15', NULL),
(65, '6392ed2cbcdb1', 'leonnyindriani12@gmail.com', 'Leonnyindr12', 'Ni Putu Leonny Indriani', '2000-08-12', 'P', 'Tabanan', 'Wiraswasta', '1', '2022-12-09 16:09:16', NULL, '2022-12-09 16:09:21', NULL),
(66, '6392ed400ad7e', 'yundayunita17@gmail.com', 'yyd174', 'Luh Putu Yunda Yunita Damayanti', '1995-04-17', 'P', 'Denpasar', 'Tenaga kontrak', '1', '2022-12-09 16:09:36', NULL, '2022-12-09 16:10:18', NULL),
(67, '6392ed7108efa', 'ayuindahpurnamadewi@yahoo.com', 'Oktober1797', 'Ni Kadek ayi indah purnama dewi', '1997-10-17', 'P', 'Badung', 'Pegawai swastra', '1', '2022-12-09 16:10:25', NULL, '2022-12-09 16:10:39', NULL),
(68, '6392ed7858f5b', 'putugde1234@gmail.com', '0361973185', 'Ni luh gede irma suryani', '1989-11-13', 'P', 'Ubud', 'Wiraswasta', '1', '2022-12-09 16:10:32', NULL, '2022-12-09 16:12:29', NULL),
(69, '6392eda29abee', 'tutsan7@gmail.com', 'tutsan23', 'Ketut sanjanya', '2022-12-23', 'L', 'Singaraja', 'Designe', '1', '2022-12-09 16:11:14', NULL, '2022-12-09 16:11:58', NULL),
(70, '639315ecb6023', 'ayuknovii88@gmail.com', 'Ayu141620', 'DEWA AYU PUTU NOVIANA DEWI', '1991-11-14', 'P', 'Tabanan', 'Karyawan Swasta', '1', '2022-12-09 19:03:08', NULL, '2022-12-09 21:07:51', '2022-12-09 21:13:55'),
(71, '639315f62edab', 'iputuhendra34@gmail.com', 'putuyura', 'I Putu Hendra Hermawan', '1990-07-09', 'L', 'Tabanan', 'Pegawai swasta', '1', '2022-12-09 19:03:18', NULL, '2022-12-09 19:03:37', NULL),
(72, '6393198095b26', 'aribhuwana21@gmail.com', 'Tunggadewi96', 'Ni Luh Putu Ari Bhuwana Tunggadewi', '1996-03-21', 'P', 'Badung', 'Pegawai Swasta', '1', '2022-12-09 19:18:24', NULL, '2022-12-09 19:18:43', NULL),
(73, '63931a18abe55', 'f.renata0391@yahoo.com', 'pratama3', 'Fransisca Renata Arantha', '1991-03-03', 'P', 'Singaraja', 'Perawat', '1', '2022-12-09 19:20:56', NULL, '2022-12-09 19:21:20', NULL);

--
-- Indexes for dumped tables
--

--
-- Indexes for table `tb_aturan`
--
ALTER TABLE `tb_aturan`
  ADD PRIMARY KEY (`ID`);

--
-- Indexes for table `tb_diagnosa`
--
ALTER TABLE `tb_diagnosa`
  ADD PRIMARY KEY (`id_diagnosa`);

--
-- Indexes for table `tb_gejala`
--
ALTER TABLE `tb_gejala`
  ADD PRIMARY KEY (`kode_gejala`);

--
-- Indexes for table `tb_penyakit`
--
ALTER TABLE `tb_penyakit`
  ADD PRIMARY KEY (`kode_penyakit`);

--
-- Indexes for table `tb_user`
--
ALTER TABLE `tb_user`
  ADD PRIMARY KEY (`id_user`);

--
-- AUTO_INCREMENT for dumped tables
--

--
-- AUTO_INCREMENT for table `tb_aturan`
--
ALTER TABLE `tb_aturan`
  MODIFY `ID` int(11) NOT NULL AUTO_INCREMENT, AUTO_INCREMENT=523;

--
-- AUTO_INCREMENT for table `tb_diagnosa`
--
ALTER TABLE `tb_diagnosa`
  MODIFY `id_diagnosa` int(11) NOT NULL AUTO_INCREMENT, AUTO_INCREMENT=72;

--
-- AUTO_INCREMENT for table `tb_user`
--
ALTER TABLE `tb_user`
  MODIFY `id_user` int(11) NOT NULL AUTO_INCREMENT, AUTO_INCREMENT=74;
COMMIT;

/*!40101 SET CHARACTER_SET_CLIENT=@OLD_CHARACTER_SET_CLIENT */;
/*!40101 SET CHARACTER_SET_RESULTS=@OLD_CHARACTER_SET_RESULTS */;
/*!40101 SET COLLATION_CONNECTION=@OLD_COLLATION_CONNECTION */;
